UF,Regiao_Metropolitana,Terminais,Frota_Onibus,Km_Percorrida,Idade_Frota,Passageiros_Comuns,Cluster
AL,Região Metropolitana de Maceió,1.0,216.0,21795610.0,11.4,523435.42,1
AM,Região Metropolitana de Manaus,1.0,19.0,2073033.0,13.5,4383576.0,1
BA,Região Metropolitana de Salvador,18.0,236.0,22818974.0,14.0,142598000.0,0
ES,Região Metropolitana da Grande Vitória,10.0,1779.0,113308224.0,7.2,704183098.0,0
GO,Região Metropolitana de Goiânia,23.0,1389.0,75504228.0,9.8,388017852.9,0
MG,Região Metropolitana de Belo Horizonte,8.0,2500.0,128850000.0,8.0,1026000000.0,0
PE,Região Metropolitana de Recife,26.0,2253.0,186726944.0,5.0,31982957.97,0
PR,Região Metropolitana de Curitiba,17.0,771.0,53507243.0,7.2,346709833.75,0
RJ,Região Metropolitana do Rio de Janeiro,9.0,3712.0,361166252.0,7.0,3578829527.24,2
RN,Região Metropolitana de Natal,25.0,360.0,30300000.0,11.3,87290045.0,0
SC,Região Metropolitana da Foz do Rio Itajaí,1.0,118.0,132098.0,18.0,12080125.0,1
SC,Região Metropolitana de Chapecó,1.0,35.0,75985.0,18.0,6158951.0,1
SC,Região Metropolitana de Florianópolis,1.0,369.0,12458652.0,14.0,131169541.0,1
SC,Região Metropolitana de Lages,1.0,17.0,456254.0,12.0,925214.44,1
SC,Região Metropolitana de Tubarão,1.0,59.0,1311136.0,17.0,4767598.25,1
SC,Região Metropolitana do Alto Vale do Itajaí,1.0,60.0,826879.0,17.0,2758358.85,1
SC,Região Metropolitana do Contestado,1.0,41.0,1193548.0,15.0,3958458.15,1
SC,Região Metropolitana do Extremo Oeste,1.0,21.0,406254.0,17.0,30720567.0,1
SC,Região Metropolitana do Norte/Nordeste Catarinense,1.0,165.0,2275478.0,15.0,8402574.0,1
SC,Região Metropolitana do Vale do Itajaí,1.0,29.0,1245698.0,21.0,6621458.7,1
SP,Região Metropolitana de Campinas,5.0,324.0,26393854.0,8.0,150758322.19,1
SP,Região Metropolitana de São Paulo,16.0,3669.0,215016203.0,7.0,1997768735.1,2
